old_name,new_name
MDT_WN_Corredoria_Grado_point_01-01-2025_0000_200m_ang.asc,MDT_WN_Corredoria_Grado_point_000_0_01_0_01-01-2025_0000_ang.asc
MDT_WN_Corredoria_Grado_point_01-01-2025_0000_200m_ang.prj,MDT_WN_Corredoria_Grado_point_000_0_01_0_01-01-2025_0000_ang.prj
MDT_WN_Corredoria_Grado_point_01-01-2025_0000_200m_cld.asc,MDT_WN_Corredoria_Grado_point_000_0_01_0_01-01-2025_0000_cld.asc
MDT_WN_Corredoria_Grado_point_01-01-2025_0000_200m_cld.prj,MDT_WN_Corredoria_Grado_point_000_0_01_0_01-01-2025_0000_cld.prj
MDT_WN_Corredoria_Grado_point_01-01-2025_0000_200m_vel.asc,MDT_WN_Corredoria_Grado_point_000_0_01_0_01-01-2025_0000_vel.asc
MDT_WN_Corredoria_Grado_point_01-01-2025_0000_200m_vel.prj,MDT_WN_Corredoria_Grado_point_000_0_01_0_01-01-2025_0000_vel.prj
MDT_WN_Corredoria_Grado_point_01-01-2025_0015_200m_ang.asc,MDT_WN_Corredoria_Grado_point_010_0_01_0_01-01-2025_0015_ang.asc
MDT_WN_Corredoria_Grado_point_01-01-2025_0015_200m_ang.prj,MDT_WN_Corredoria_Grado_point_010_0_01_0_01-01-2025_0015_ang.prj
MDT_WN_Corredoria_Grado_point_01-01-2025_0015_200m_cld.asc,MDT_WN_Corredoria_Grado_point_010_0_01_0_01-01-2025_0015_cld.asc
MDT_WN_Corredoria_Grado_point_01-01-2025_0015_200m_cld.prj,MDT_WN_Corredoria_Grado_point_010_0_01_0_01-01-2025_0015_cld.prj
MDT_WN_Corredoria_Grado_point_01-01-2025_0015_200m_vel.asc,MDT_WN_Corredoria_Grado_point_010_0_01_0_01-01-2025_0015_vel.asc
MDT_WN_Corredoria_Grado_point_01-01-2025_0015_200m_vel.prj,MDT_WN_Corredoria_Grado_point_010_0_01_0_01-01-2025_0015_vel.prj
MDT_WN_Corredoria_Grado_point_01-01-2025_0030_200m_ang.asc,MDT_WN_Corredoria_Grado_point_020_0_01_0_01-01-2025_0030_ang.asc
MDT_WN_Corredoria_Grado_point_01-01-2025_0030_200m_ang.prj,MDT_WN_Corredoria_Grado_point_020_0_01_0_01-01-2025_0030_ang.prj
MDT_WN_Corredoria_Grado_point_01-01-2025_0030_200m_cld.asc,MDT_WN_Corredoria_Grado_point_020_0_01_0_01-01-2025_0030_cld.asc
MDT_WN_Corredoria_Grado_point_01-01-2025_0030_200m_cld.prj,MDT_WN_Corredoria_Grado_point_020_0_01_0_01-01-2025_0030_cld.prj
MDT_WN_Corredoria_Grado_point_01-01-2025_0030_200m_vel.asc,MDT_WN_Corredoria_Grado_point_020_0_01_0_01-01-2025_0030_vel.asc
MDT_WN_Corredoria_Grado_point_01-01-2025_0030_200m_vel.prj,MDT_WN_Corredoria_Grado_point_020_0_01_0_01-01-2025_0030_vel.prj
MDT_WN_Corredoria_Grado_point_01-01-2025_0045_200m_ang.asc,MDT_WN_Corredoria_Grado_point_030_0_01_0_01-01-2025_0045_ang.asc
MDT_WN_Corredoria_Grado_point_01-01-2025_0045_200m_ang.prj,MDT_WN_Corredoria_Grado_point_030_0_01_0_01-01-2025_0045_ang.prj
MDT_WN_Corredoria_Grado_point_01-01-2025_0045_200m_cld.asc,MDT_WN_Corredoria_Grado_point_030_0_01_0_01-01-2025_0045_cld.asc
MDT_WN_Corredoria_Grado_point_01-01-2025_0045_200m_cld.prj,MDT_WN_Corredoria_Grado_point_030_0_01_0_01-01-2025_0045_cld.prj
MDT_WN_Corredoria_Grado_point_01-01-2025_0045_200m_vel.asc,MDT_WN_Corredoria_Grado_point_030_0_01_0_01-01-2025_0045_vel.asc
MDT_WN_Corredoria_Grado_point_01-01-2025_0045_200m_vel.prj,MDT_WN_Corredoria_Grado_point_030_0_01_0_01-01-2025_0045_vel.prj
MDT_WN_Corredoria_Grado_point_01-01-2025_0100_200m_ang.asc,MDT_WN_Corredoria_Grado_point_040_0_01_0_01-01-2025_0100_ang.asc
MDT_WN_Corredoria_Grado_point_01-01-2025_0100_200m_ang.prj,MDT_WN_Corredoria_Grado_point_040_0_01_0_01-01-2025_0100_ang.prj
MDT_WN_Corredoria_Grado_point_01-01-2025_0100_200m_cld.asc,MDT_WN_Corredoria_Grado_point_040_0_01_0_01-01-2025_0100_cld.asc
MDT_WN_Corredoria_Grado_point_01-01-2025_0100_200m_cld.prj,MDT_WN_Corredoria_Grado_point_040_0_01_0_01-01-2025_0100_cld.prj
MDT_WN_Corredoria_Grado_point_01-01-2025_0100_200m_vel.asc,MDT_WN_Corredoria_Grado_point_040_0_01_0_01-01-2025_0100_vel.asc
MDT_WN_Corredoria_Grado_point_01-01-2025_0100_200m_vel.prj,MDT_WN_Corredoria_Grado_point_040_0_01_0_01-01-2025_0100_vel.prj
MDT_WN_Corredoria_Grado_point_01-01-2025_0115_200m_ang.asc,MDT_WN_Corredoria_Grado_point_050_0_01_0_01-01-2025_0115_ang.asc
MDT_WN_Corredoria_Grado_point_01-01-2025_0115_200m_ang.prj,MDT_WN_Corredoria_Grado_point_050_0_01_0_01-01-2025_0115_ang.prj
MDT_WN_Corredoria_Grado_point_01-01-2025_0115_200m_cld.asc,MDT_WN_Corredoria_Grado_point_050_0_01_0_01-01-2025_0115_cld.asc
MDT_WN_Corredoria_Grado_point_01-01-2025_0115_200m_cld.prj,MDT_WN_Corredoria_Grado_point_050_0_01_0_01-01-2025_0115_cld.prj
MDT_WN_Corredoria_Grado_point_01-01-2025_0115_200m_vel.asc,MDT_WN_Corredoria_Grado_point_050_0_01_0_01-01-2025_0115_vel.asc
MDT_WN_Corredoria_Grado_point_01-01-2025_0115_200m_vel.prj,MDT_WN_Corredoria_Grado_point_050_0_01_0_01-01-2025_0115_vel.prj
MDT_WN_Corredoria_Grado_point_01-01-2025_0130_200m_ang.asc,MDT_WN_Corredoria_Grado_point_060_0_01_0_01-01-2025_0130_ang.asc
MDT_WN_Corredoria_Grado_point_01-01-2025_0130_200m_ang.prj,MDT_WN_Corredoria_Grado_point_060_0_01_0_01-01-2025_0130_ang.prj
MDT_WN_Corredoria_Grado_point_01-01-2025_0130_200m_cld.asc,MDT_WN_Corredoria_Grado_point_060_0_01_0_01-01-2025_0130_cld.asc
MDT_WN_Corredoria_Grado_point_01-01-2025_0130_200m_cld.prj,MDT_WN_Corredoria_Grado_point_060_0_01_0_01-01-2025_0130_cld.prj
MDT_WN_Corredoria_Grado_point_01-01-2025_0130_200m_vel.asc,MDT_WN_Corredoria_Grado_point_060_0_01_0_01-01-2025_0130_vel.asc
MDT_WN_Corredoria_Grado_point_01-01-2025_0130_200m_vel.prj,MDT_WN_Corredoria_Grado_point_060_0_01_0_01-01-2025_0130_vel.prj
MDT_WN_Corredoria_Grado_point_01-01-2025_0145_200m_ang.asc,MDT_WN_Corredoria_Grado_point_070_0_01_0_01-01-2025_0145_ang.asc
MDT_WN_Corredoria_Grado_point_01-01-2025_0145_200m_ang.prj,MDT_WN_Corredoria_Grado_point_070_0_01_0_01-01-2025_0145_ang.prj
MDT_WN_Corredoria_Grado_point_01-01-2025_0145_200m_cld.asc,MDT_WN_Corredoria_Grado_point_070_0_01_0_01-01-2025_0145_cld.asc
MDT_WN_Corredoria_Grado_point_01-01-2025_0145_200m_cld.prj,MDT_WN_Corredoria_Grado_point_070_0_01_0_01-01-2025_0145_cld.prj
MDT_WN_Corredoria_Grado_point_01-01-2025_0145_200m_vel.asc,MDT_WN_Corredoria_Grado_point_070_0_01_0_01-01-2025_0145_vel.asc
MDT_WN_Corredoria_Grado_point_01-01-2025_0145_200m_vel.prj,MDT_WN_Corredoria_Grado_point_070_0_01_0_01-01-2025_0145_vel.prj
MDT_WN_Corredoria_Grado_point_01-01-2025_0200_200m_ang.asc,MDT_WN_Corredoria_Grado_point_080_0_01_0_01-01-2025_0200_ang.asc
MDT_WN_Corredoria_Grado_point_01-01-2025_0200_200m_ang.prj,MDT_WN_Corredoria_Grado_point_080_0_01_0_01-01-2025_0200_ang.prj
MDT_WN_Corredoria_Grado_point_01-01-2025_0200_200m_cld.asc,MDT_WN_Corredoria_Grado_point_080_0_01_0_01-01-2025_0200_cld.asc
MDT_WN_Corredoria_Grado_point_01-01-2025_0200_200m_cld.prj,MDT_WN_Corredoria_Grado_point_080_0_01_0_01-01-2025_0200_cld.prj
MDT_WN_Corredoria_Grado_point_01-01-2025_0200_200m_vel.asc,MDT_WN_Corredoria_Grado_point_080_0_01_0_01-01-2025_0200_vel.asc
MDT_WN_Corredoria_Grado_point_01-01-2025_0200_200m_vel.prj,MDT_WN_Corredoria_Grado_point_080_0_01_0_01-01-2025_0200_vel.prj
MDT_WN_Corredoria_Grado_point_01-01-2025_0215_200m_ang.asc,MDT_WN_Corredoria_Grado_point_090_0_01_0_01-01-2025_0215_ang.asc
MDT_WN_Corredoria_Grado_point_01-01-2025_0215_200m_ang.prj,MDT_WN_Corredoria_Grado_point_090_0_01_0_01-01-2025_0215_ang.prj
MDT_WN_Corredoria_Grado_point_01-01-2025_0215_200m_cld.asc,MDT_WN_Corredoria_Grado_point_090_0_01_0_01-01-2025_0215_cld.asc
MDT_WN_Corredoria_Grado_point_01-01-2025_0215_200m_cld.prj,MDT_WN_Corredoria_Grado_point_090_0_01_0_01-01-2025_0215_cld.prj
MDT_WN_Corredoria_Grado_point_01-01-2025_0215_200m_vel.asc,MDT_WN_Corredoria_Grado_point_090_0_01_0_01-01-2025_0215_vel.asc
MDT_WN_Corredoria_Grado_point_01-01-2025_0215_200m_vel.prj,MDT_WN_Corredoria_Grado_point_090_0_01_0_01-01-2025_0215_vel.prj
MDT_WN_Corredoria_Grado_point_01-01-2025_0230_200m_ang.asc,MDT_WN_Corredoria_Grado_point_100_0_01_0_01-01-2025_0230_ang.asc
MDT_WN_Corredoria_Grado_point_01-01-2025_0230_200m_ang.prj,MDT_WN_Corredoria_Grado_point_100_0_01_0_01-01-2025_0230_ang.prj
MDT_WN_Corredoria_Grado_point_01-01-2025_0230_200m_cld.asc,MDT_WN_Corredoria_Grado_point_100_0_01_0_01-01-2025_0230_cld.asc
MDT_WN_Corredoria_Grado_point_01-01-2025_0230_200m_cld.prj,MDT_WN_Corredoria_Grado_point_100_0_01_0_01-01-2025_0230_cld.prj
MDT_WN_Corredoria_Grado_point_01-01-2025_0230_200m_vel.asc,MDT_WN_Corredoria_Grado_point_100_0_01_0_01-01-2025_0230_vel.asc
MDT_WN_Corredoria_Grado_point_01-01-2025_0230_200m_vel.prj,MDT_WN_Corredoria_Grado_point_100_0_01_0_01-01-2025_0230_vel.prj
MDT_WN_Corredoria_Grado_point_01-01-2025_0245_200m_ang.asc,MDT_WN_Corredoria_Grado_point_110_0_01_0_01-01-2025_0245_ang.asc
MDT_WN_Corredoria_Grado_point_01-01-2025_0245_200m_ang.prj,MDT_WN_Corredoria_Grado_point_110_0_01_0_01-01-2025_0245_ang.prj
MDT_WN_Corredoria_Grado_point_01-01-2025_0245_200m_cld.asc,MDT_WN_Corredoria_Grado_point_110_0_01_0_01-01-2025_0245_cld.asc
MDT_WN_Corredoria_Grado_point_01-01-2025_0245_200m_cld.prj,MDT_WN_Corredoria_Grado_point_110_0_01_0_01-01-2025_0245_cld.prj
MDT_WN_Corredoria_Grado_point_01-01-2025_0245_200m_vel.asc,MDT_WN_Corredoria_Grado_point_110_0_01_0_01-01-2025_0245_vel.asc
MDT_WN_Corredoria_Grado_point_01-01-2025_0245_200m_vel.prj,MDT_WN_Corredoria_Grado_point_110_0_01_0_01-01-2025_0245_vel.prj
MDT_WN_Corredoria_Grado_point_01-01-2025_0300_200m_ang.asc,MDT_WN_Corredoria_Grado_point_120_0_01_0_01-01-2025_0300_ang.asc
MDT_WN_Corredoria_Grado_point_01-01-2025_0300_200m_ang.prj,MDT_WN_Corredoria_Grado_point_120_0_01_0_01-01-2025_0300_ang.prj
MDT_WN_Corredoria_Grado_point_01-01-2025_0300_200m_cld.asc,MDT_WN_Corredoria_Grado_point_120_0_01_0_01-01-2025_0300_cld.asc
MDT_WN_Corredoria_Grado_point_01-01-2025_0300_200m_cld.prj,MDT_WN_Corredoria_Grado_point_120_0_01_0_01-01-2025_0300_cld.prj
MDT_WN_Corredoria_Grado_point_01-01-2025_0300_200m_vel.asc,MDT_WN_Corredoria_Grado_point_120_0_01_0_01-01-2025_0300_vel.asc
MDT_WN_Corredoria_Grado_point_01-01-2025_0300_200m_vel.prj,MDT_WN_Corredoria_Grado_point_120_0_01_0_01-01-2025_0300_vel.prj
MDT_WN_Corredoria_Grado_point_01-01-2025_0315_200m_ang.asc,MDT_WN_Corredoria_Grado_point_130_0_01_0_01-01-2025_0315_ang.asc
MDT_WN_Corredoria_Grado_point_01-01-2025_0315_200m_ang.prj,MDT_WN_Corredoria_Grado_point_130_0_01_0_01-01-2025_0315_ang.prj
MDT_WN_Corredoria_Grado_point_01-01-2025_0315_200m_cld.asc,MDT_WN_Corredoria_Grado_point_130_0_01_0_01-01-2025_0315_cld.asc
MDT_WN_Corredoria_Grado_point_01-01-2025_0315_200m_cld.prj,MDT_WN_Corredoria_Grado_point_130_0_01_0_01-01-2025_0315_cld.prj
MDT_WN_Corredoria_Grado_point_01-01-2025_0315_200m_vel.asc,MDT_WN_Corredoria_Grado_point_130_0_01_0_01-01-2025_0315_vel.asc
MDT_WN_Corredoria_Grado_point_01-01-2025_0315_200m_vel.prj,MDT_WN_Corredoria_Grado_point_130_0_01_0_01-01-2025_0315_vel.prj
MDT_WN_Corredoria_Grado_point_01-01-2025_0330_200m_ang.asc,MDT_WN_Corredoria_Grado_point_140_0_01_0_01-01-2025_0330_ang.asc
MDT_WN_Corredoria_Grado_point_01-01-2025_0330_200m_ang.prj,MDT_WN_Corredoria_Grado_point_140_0_01_0_01-01-2025_0330_ang.prj
MDT_WN_Corredoria_Grado_point_01-01-2025_0330_200m_cld.asc,MDT_WN_Corredoria_Grado_point_140_0_01_0_01-01-2025_0330_cld.asc
MDT_WN_Corredoria_Grado_point_01-01-2025_0330_200m_cld.prj,MDT_WN_Corredoria_Grado_point_140_0_01_0_01-01-2025_0330_cld.prj
MDT_WN_Corredoria_Grado_point_01-01-2025_0330_200m_vel.asc,MDT_WN_Corredoria_Grado_point_140_0_01_0_01-01-2025_0330_vel.asc
MDT_WN_Corredoria_Grado_point_01-01-2025_0330_200m_vel.prj,MDT_WN_Corredoria_Grado_point_140_0_01_0_01-01-2025_0330_vel.prj
MDT_WN_Corredoria_Grado_point_01-01-2025_0345_200m_ang.asc,MDT_WN_Corredoria_Grado_point_150_0_01_0_01-01-2025_0345_ang.asc
MDT_WN_Corredoria_Grado_point_01-01-2025_0345_200m_ang.prj,MDT_WN_Corredoria_Grado_point_150_0_01_0_01-01-2025_0345_ang.prj
MDT_WN_Corredoria_Grado_point_01-01-2025_0345_200m_cld.asc,MDT_WN_Corredoria_Grado_point_150_0_01_0_01-01-2025_0345_cld.asc
MDT_WN_Corredoria_Grado_point_01-01-2025_0345_200m_cld.prj,MDT_WN_Corredoria_Grado_point_150_0_01_0_01-01-2025_0345_cld.prj
MDT_WN_Corredoria_Grado_point_01-01-2025_0345_200m_vel.asc,MDT_WN_Corredoria_Grado_point_150_0_01_0_01-01-2025_0345_vel.asc
MDT_WN_Corredoria_Grado_point_01-01-2025_0345_200m_vel.prj,MDT_WN_Corredoria_Grado_point_150_0_01_0_01-01-2025_0345_vel.prj
MDT_WN_Corredoria_Grado_point_01-01-2025_0400_200m_ang.asc,MDT_WN_Corredoria_Grado_point_160_0_01_0_01-01-2025_0400_ang.asc
MDT_WN_Corredoria_Grado_point_01-01-2025_0400_200m_ang.prj,MDT_WN_Corredoria_Grado_point_160_0_01_0_01-01-2025_0400_ang.prj
MDT_WN_Corredoria_Grado_point_01-01-2025_0400_200m_cld.asc,MDT_WN_Corredoria_Grado_point_160_0_01_0_01-01-2025_0400_cld.asc
MDT_WN_Corredoria_Grado_point_01-01-2025_0400_200m_cld.prj,MDT_WN_Corredoria_Grado_point_160_0_01_0_01-01-2025_0400_cld.prj
MDT_WN_Corredoria_Grado_point_01-01-2025_0400_200m_vel.asc,MDT_WN_Corredoria_Grado_point_160_0_01_0_01-01-2025_0400_vel.asc
MDT_WN_Corredoria_Grado_point_01-01-2025_0400_200m_vel.prj,MDT_WN_Corredoria_Grado_point_160_0_01_0_01-01-2025_0400_vel.prj
MDT_WN_Corredoria_Grado_point_01-01-2025_0415_200m_ang.asc,MDT_WN_Corredoria_Grado_point_170_0_01_0_01-01-2025_0415_ang.asc
MDT_WN_Corredoria_Grado_point_01-01-2025_0415_200m_ang.prj,MDT_WN_Corredoria_Grado_point_170_0_01_0_01-01-2025_0415_ang.prj
MDT_WN_Corredoria_Grado_point_01-01-2025_0415_200m_cld.asc,MDT_WN_Corredoria_Grado_point_170_0_01_0_01-01-2025_0415_cld.asc
MDT_WN_Corredoria_Grado_point_01-01-2025_0415_200m_cld.prj,MDT_WN_Corredoria_Grado_point_170_0_01_0_01-01-2025_0415_cld.prj
MDT_WN_Corredoria_Grado_point_01-01-2025_0415_200m_vel.asc,MDT_WN_Corredoria_Grado_point_170_0_01_0_01-01-2025_0415_vel.asc
MDT_WN_Corredoria_Grado_point_01-01-2025_0415_200m_vel.prj,MDT_WN_Corredoria_Grado_point_170_0_01_0_01-01-2025_0415_vel.prj
MDT_WN_Corredoria_Grado_point_01-01-2025_0430_200m_ang.asc,MDT_WN_Corredoria_Grado_point_180_0_01_0_01-01-2025_0430_ang.asc
MDT_WN_Corredoria_Grado_point_01-01-2025_0430_200m_ang.prj,MDT_WN_Corredoria_Grado_point_180_0_01_0_01-01-2025_0430_ang.prj
MDT_WN_Corredoria_Grado_point_01-01-2025_0430_200m_cld.asc,MDT_WN_Corredoria_Grado_point_180_0_01_0_01-01-2025_0430_cld.asc
MDT_WN_Corredoria_Grado_point_01-01-2025_0430_200m_cld.prj,MDT_WN_Corredoria_Grado_point_180_0_01_0_01-01-2025_0430_cld.prj
MDT_WN_Corredoria_Grado_point_01-01-2025_0430_200m_vel.asc,MDT_WN_Corredoria_Grado_point_180_0_01_0_01-01-2025_0430_vel.asc
MDT_WN_Corredoria_Grado_point_01-01-2025_0430_200m_vel.prj,MDT_WN_Corredoria_Grado_point_180_0_01_0_01-01-2025_0430_vel.prj
MDT_WN_Corredoria_Grado_point_01-01-2025_0445_200m_ang.asc,MDT_WN_Corredoria_Grado_point_190_0_01_0_01-01-2025_0445_ang.asc
MDT_WN_Corredoria_Grado_point_01-01-2025_0445_200m_ang.prj,MDT_WN_Corredoria_Grado_point_190_0_01_0_01-01-2025_0445_ang.prj
MDT_WN_Corredoria_Grado_point_01-01-2025_0445_200m_cld.asc,MDT_WN_Corredoria_Grado_point_190_0_01_0_01-01-2025_0445_cld.asc
MDT_WN_Corredoria_Grado_point_01-01-2025_0445_200m_cld.prj,MDT_WN_Corredoria_Grado_point_190_0_01_0_01-01-2025_0445_cld.prj
MDT_WN_Corredoria_Grado_point_01-01-2025_0445_200m_vel.asc,MDT_WN_Corredoria_Grado_point_190_0_01_0_01-01-2025_0445_vel.asc
MDT_WN_Corredoria_Grado_point_01-01-2025_0445_200m_vel.prj,MDT_WN_Corredoria_Grado_point_190_0_01_0_01-01-2025_0445_vel.prj
MDT_WN_Corredoria_Grado_point_01-01-2025_0500_200m_ang.asc,MDT_WN_Corredoria_Grado_point_200_0_01_0_01-01-2025_0500_ang.asc
MDT_WN_Corredoria_Grado_point_01-01-2025_0500_200m_ang.prj,MDT_WN_Corredoria_Grado_point_200_0_01_0_01-01-2025_0500_ang.prj
MDT_WN_Corredoria_Grado_point_01-01-2025_0500_200m_cld.asc,MDT_WN_Corredoria_Grado_point_200_0_01_0_01-01-2025_0500_cld.asc
MDT_WN_Corredoria_Grado_point_01-01-2025_0500_200m_cld.prj,MDT_WN_Corredoria_Grado_point_200_0_01_0_01-01-2025_0500_cld.prj
MDT_WN_Corredoria_Grado_point_01-01-2025_0500_200m_vel.asc,MDT_WN_Corredoria_Grado_point_200_0_01_0_01-01-2025_0500_vel.asc
MDT_WN_Corredoria_Grado_point_01-01-2025_0500_200m_vel.prj,MDT_WN_Corredoria_Grado_point_200_0_01_0_01-01-2025_0500_vel.prj
MDT_WN_Corredoria_Grado_point_01-01-2025_0515_200m_ang.asc,MDT_WN_Corredoria_Grado_point_210_0_01_0_01-01-2025_0515_ang.asc
MDT_WN_Corredoria_Grado_point_01-01-2025_0515_200m_ang.prj,MDT_WN_Corredoria_Grado_point_210_0_01_0_01-01-2025_0515_ang.prj
MDT_WN_Corredoria_Grado_point_01-01-2025_0515_200m_cld.asc,MDT_WN_Corredoria_Grado_point_210_0_01_0_01-01-2025_0515_cld.asc
MDT_WN_Corredoria_Grado_point_01-01-2025_0515_200m_cld.prj,MDT_WN_Corredoria_Grado_point_210_0_01_0_01-01-2025_0515_cld.prj
MDT_WN_Corredoria_Grado_point_01-01-2025_0515_200m_vel.asc,MDT_WN_Corredoria_Grado_point_210_0_01_0_01-01-2025_0515_vel.asc
MDT_WN_Corredoria_Grado_point_01-01-2025_0515_200m_vel.prj,MDT_WN_Corredoria_Grado_point_210_0_01_0_01-01-2025_0515_vel.prj
MDT_WN_Corredoria_Grado_point_01-01-2025_0530_200m_ang.asc,MDT_WN_Corredoria_Grado_point_220_0_01_0_01-01-2025_0530_ang.asc
MDT_WN_Corredoria_Grado_point_01-01-2025_0530_200m_ang.prj,MDT_WN_Corredoria_Grado_point_220_0_01_0_01-01-2025_0530_ang.prj
MDT_WN_Corredoria_Grado_point_01-01-2025_0530_200m_cld.asc,MDT_WN_Corredoria_Grado_point_220_0_01_0_01-01-2025_0530_cld.asc
MDT_WN_Corredoria_Grado_point_01-01-2025_0530_200m_cld.prj,MDT_WN_Corredoria_Grado_point_220_0_01_0_01-01-2025_0530_cld.prj
MDT_WN_Corredoria_Grado_point_01-01-2025_0530_200m_vel.asc,MDT_WN_Corredoria_Grado_point_220_0_01_0_01-01-2025_0530_vel.asc
MDT_WN_Corredoria_Grado_point_01-01-2025_0530_200m_vel.prj,MDT_WN_Corredoria_Grado_point_220_0_01_0_01-01-2025_0530_vel.prj
MDT_WN_Corredoria_Grado_point_01-01-2025_0545_200m_ang.asc,MDT_WN_Corredoria_Grado_point_230_0_01_0_01-01-2025_0545_ang.asc
MDT_WN_Corredoria_Grado_point_01-01-2025_0545_200m_ang.prj,MDT_WN_Corredoria_Grado_point_230_0_01_0_01-01-2025_0545_ang.prj
MDT_WN_Corredoria_Grado_point_01-01-2025_0545_200m_cld.asc,MDT_WN_Corredoria_Grado_point_230_0_01_0_01-01-2025_0545_cld.asc
MDT_WN_Corredoria_Grado_point_01-01-2025_0545_200m_cld.prj,MDT_WN_Corredoria_Grado_point_230_0_01_0_01-01-2025_0545_cld.prj
MDT_WN_Corredoria_Grado_point_01-01-2025_0545_200m_vel.asc,MDT_WN_Corredoria_Grado_point_230_0_01_0_01-01-2025_0545_vel.asc
MDT_WN_Corredoria_Grado_point_01-01-2025_0545_200m_vel.prj,MDT_WN_Corredoria_Grado_point_230_0_01_0_01-01-2025_0545_vel.prj
MDT_WN_Corredoria_Grado_point_01-01-2025_0600_200m_ang.asc,MDT_WN_Corredoria_Grado_point_240_0_01_0_01-01-2025_0600_ang.asc
MDT_WN_Corredoria_Grado_point_01-01-2025_0600_200m_ang.prj,MDT_WN_Corredoria_Grado_point_240_0_01_0_01-01-2025_0600_ang.prj
MDT_WN_Corredoria_Grado_point_01-01-2025_0600_200m_cld.asc,MDT_WN_Corredoria_Grado_point_240_0_01_0_01-01-2025_0600_cld.asc
MDT_WN_Corredoria_Grado_point_01-01-2025_0600_200m_cld.prj,MDT_WN_Corredoria_Grado_point_240_0_01_0_01-01-2025_0600_cld.prj
MDT_WN_Corredoria_Grado_point_01-01-2025_0600_200m_vel.asc,MDT_WN_Corredoria_Grado_point_240_0_01_0_01-01-2025_0600_vel.asc
MDT_WN_Corredoria_Grado_point_01-01-2025_0600_200m_vel.prj,MDT_WN_Corredoria_Grado_point_240_0_01_0_01-01-2025_0600_vel.prj
MDT_WN_Corredoria_Grado_point_01-01-2025_0615_200m_ang.asc,MDT_WN_Corredoria_Grado_point_250_0_01_0_01-01-2025_0615_ang.asc
MDT_WN_Corredoria_Grado_point_01-01-2025_0615_200m_ang.prj,MDT_WN_Corredoria_Grado_point_250_0_01_0_01-01-2025_0615_ang.prj
MDT_WN_Corredoria_Grado_point_01-01-2025_0615_200m_cld.asc,MDT_WN_Corredoria_Grado_point_250_0_01_0_01-01-2025_0615_cld.asc
MDT_WN_Corredoria_Grado_point_01-01-2025_0615_200m_cld.prj,MDT_WN_Corredoria_Grado_point_250_0_01_0_01-01-2025_0615_cld.prj
MDT_WN_Corredoria_Grado_point_01-01-2025_0615_200m_vel.asc,MDT_WN_Corredoria_Grado_point_250_0_01_0_01-01-2025_0615_vel.asc
MDT_WN_Corredoria_Grado_point_01-01-2025_0615_200m_vel.prj,MDT_WN_Corredoria_Grado_point_250_0_01_0_01-01-2025_0615_vel.prj
MDT_WN_Corredoria_Grado_point_01-01-2025_0630_200m_ang.asc,MDT_WN_Corredoria_Grado_point_260_0_01_0_01-01-2025_0630_ang.asc
MDT_WN_Corredoria_Grado_point_01-01-2025_0630_200m_ang.prj,MDT_WN_Corredoria_Grado_point_260_0_01_0_01-01-2025_0630_ang.prj
MDT_WN_Corredoria_Grado_point_01-01-2025_0630_200m_cld.asc,MDT_WN_Corredoria_Grado_point_260_0_01_0_01-01-2025_0630_cld.asc
MDT_WN_Corredoria_Grado_point_01-01-2025_0630_200m_cld.prj,MDT_WN_Corredoria_Grado_point_260_0_01_0_01-01-2025_0630_cld.prj
MDT_WN_Corredoria_Grado_point_01-01-2025_0630_200m_vel.asc,MDT_WN_Corredoria_Grado_point_260_0_01_0_01-01-2025_0630_vel.asc
MDT_WN_Corredoria_Grado_point_01-01-2025_0630_200m_vel.prj,MDT_WN_Corredoria_Grado_point_260_0_01_0_01-01-2025_0630_vel.prj
MDT_WN_Corredoria_Grado_point_01-01-2025_0645_200m_ang.asc,MDT_WN_Corredoria_Grado_point_270_0_01_0_01-01-2025_0645_ang.asc
MDT_WN_Corredoria_Grado_point_01-01-2025_0645_200m_ang.prj,MDT_WN_Corredoria_Grado_point_270_0_01_0_01-01-2025_0645_ang.prj
MDT_WN_Corredoria_Grado_point_01-01-2025_0645_200m_cld.asc,MDT_WN_Corredoria_Grado_point_270_0_01_0_01-01-2025_0645_cld.asc
MDT_WN_Corredoria_Grado_point_01-01-2025_0645_200m_cld.prj,MDT_WN_Corredoria_Grado_point_270_0_01_0_01-01-2025_0645_cld.prj
MDT_WN_Corredoria_Grado_point_01-01-2025_0645_200m_vel.asc,MDT_WN_Corredoria_Grado_point_270_0_01_0_01-01-2025_0645_vel.asc
MDT_WN_Corredoria_Grado_point_01-01-2025_0645_200m_vel.prj,MDT_WN_Corredoria_Grado_point_270_0_01_0_01-01-2025_0645_vel.prj
MDT_WN_Corredoria_Grado_point_01-01-2025_0700_200m_ang.asc,MDT_WN_Corredoria_Grado_point_280_0_01_0_01-01-2025_0700_ang.asc
MDT_WN_Corredoria_Grado_point_01-01-2025_0700_200m_ang.prj,MDT_WN_Corredoria_Grado_point_280_0_01_0_01-01-2025_0700_ang.prj
MDT_WN_Corredoria_Grado_point_01-01-2025_0700_200m_cld.asc,MDT_WN_Corredoria_Grado_point_280_0_01_0_01-01-2025_0700_cld.asc
MDT_WN_Corredoria_Grado_point_01-01-2025_0700_200m_cld.prj,MDT_WN_Corredoria_Grado_point_280_0_01_0_01-01-2025_0700_cld.prj
MDT_WN_Corredoria_Grado_point_01-01-2025_0700_200m_vel.asc,MDT_WN_Corredoria_Grado_point_280_0_01_0_01-01-2025_0700_vel.asc
MDT_WN_Corredoria_Grado_point_01-01-2025_0700_200m_vel.prj,MDT_WN_Corredoria_Grado_point_280_0_01_0_01-01-2025_0700_vel.prj
MDT_WN_Corredoria_Grado_point_01-01-2025_0715_200m_ang.asc,MDT_WN_Corredoria_Grado_point_290_0_01_0_01-01-2025_0715_ang.asc
MDT_WN_Corredoria_Grado_point_01-01-2025_0715_200m_ang.prj,MDT_WN_Corredoria_Grado_point_290_0_01_0_01-01-2025_0715_ang.prj
MDT_WN_Corredoria_Grado_point_01-01-2025_0715_200m_cld.asc,MDT_WN_Corredoria_Grado_point_290_0_01_0_01-01-2025_0715_cld.asc
MDT_WN_Corredoria_Grado_point_01-01-2025_0715_200m_cld.prj,MDT_WN_Corredoria_Grado_point_290_0_01_0_01-01-2025_0715_cld.prj
MDT_WN_Corredoria_Grado_point_01-01-2025_0715_200m_vel.asc,MDT_WN_Corredoria_Grado_point_290_0_01_0_01-01-2025_0715_vel.asc
MDT_WN_Corredoria_Grado_point_01-01-2025_0715_200m_vel.prj,MDT_WN_Corredoria_Grado_point_290_0_01_0_01-01-2025_0715_vel.prj
MDT_WN_Corredoria_Grado_point_01-01-2025_0730_200m_ang.asc,MDT_WN_Corredoria_Grado_point_300_0_01_0_01-01-2025_0730_ang.asc
MDT_WN_Corredoria_Grado_point_01-01-2025_0730_200m_ang.prj,MDT_WN_Corredoria_Grado_point_300_0_01_0_01-01-2025_0730_ang.prj
MDT_WN_Corredoria_Grado_point_01-01-2025_0730_200m_cld.asc,MDT_WN_Corredoria_Grado_point_300_0_01_0_01-01-2025_0730_cld.asc
MDT_WN_Corredoria_Grado_point_01-01-2025_0730_200m_cld.prj,MDT_WN_Corredoria_Grado_point_300_0_01_0_01-01-2025_0730_cld.prj
MDT_WN_Corredoria_Grado_point_01-01-2025_0730_200m_vel.asc,MDT_WN_Corredoria_Grado_point_300_0_01_0_01-01-2025_0730_vel.asc
MDT_WN_Corredoria_Grado_point_01-01-2025_0730_200m_vel.prj,MDT_WN_Corredoria_Grado_point_300_0_01_0_01-01-2025_0730_vel.prj
MDT_WN_Corredoria_Grado_point_01-01-2025_0745_200m_ang.asc,MDT_WN_Corredoria_Grado_point_310_0_01_0_01-01-2025_0745_ang.asc
MDT_WN_Corredoria_Grado_point_01-01-2025_0745_200m_ang.prj,MDT_WN_Corredoria_Grado_point_310_0_01_0_01-01-2025_0745_ang.prj
MDT_WN_Corredoria_Grado_point_01-01-2025_0745_200m_cld.asc,MDT_WN_Corredoria_Grado_point_310_0_01_0_01-01-2025_0745_cld.asc
MDT_WN_Corredoria_Grado_point_01-01-2025_0745_200m_cld.prj,MDT_WN_Corredoria_Grado_point_310_0_01_0_01-01-2025_0745_cld.prj
MDT_WN_Corredoria_Grado_point_01-01-2025_0745_200m_vel.asc,MDT_WN_Corredoria_Grado_point_310_0_01_0_01-01-2025_0745_vel.asc
MDT_WN_Corredoria_Grado_point_01-01-2025_0745_200m_vel.prj,MDT_WN_Corredoria_Grado_point_310_0_01_0_01-01-2025_0745_vel.prj
MDT_WN_Corredoria_Grado_point_01-01-2025_0800_200m_ang.asc,MDT_WN_Corredoria_Grado_point_320_0_01_0_01-01-2025_0800_ang.asc
MDT_WN_Corredoria_Grado_point_01-01-2025_0800_200m_ang.prj,MDT_WN_Corredoria_Grado_point_320_0_01_0_01-01-2025_0800_ang.prj
MDT_WN_Corredoria_Grado_point_01-01-2025_0800_200m_cld.asc,MDT_WN_Corredoria_Grado_point_320_0_01_0_01-01-2025_0800_cld.asc
MDT_WN_Corredoria_Grado_point_01-01-2025_0800_200m_cld.prj,MDT_WN_Corredoria_Grado_point_320_0_01_0_01-01-2025_0800_cld.prj
MDT_WN_Corredoria_Grado_point_01-01-2025_0800_200m_vel.asc,MDT_WN_Corredoria_Grado_point_320_0_01_0_01-01-2025_0800_vel.asc
MDT_WN_Corredoria_Grado_point_01-01-2025_0800_200m_vel.prj,MDT_WN_Corredoria_Grado_point_320_0_01_0_01-01-2025_0800_vel.prj
MDT_WN_Corredoria_Grado_point_01-01-2025_0815_200m_ang.asc,MDT_WN_Corredoria_Grado_point_330_0_01_0_01-01-2025_0815_ang.asc
MDT_WN_Corredoria_Grado_point_01-01-2025_0815_200m_ang.prj,MDT_WN_Corredoria_Grado_point_330_0_01_0_01-01-2025_0815_ang.prj
MDT_WN_Corredoria_Grado_point_01-01-2025_0815_200m_cld.asc,MDT_WN_Corredoria_Grado_point_330_0_01_0_01-01-2025_0815_cld.asc
MDT_WN_Corredoria_Grado_point_01-01-2025_0815_200m_cld.prj,MDT_WN_Corredoria_Grado_point_330_0_01_0_01-01-2025_0815_cld.prj
MDT_WN_Corredoria_Grado_point_01-01-2025_0815_200m_vel.asc,MDT_WN_Corredoria_Grado_point_330_0_01_0_01-01-2025_0815_vel.asc
MDT_WN_Corredoria_Grado_point_01-01-2025_0815_200m_vel.prj,MDT_WN_Corredoria_Grado_point_330_0_01_0_01-01-2025_0815_vel.prj
MDT_WN_Corredoria_Grado_point_01-01-2025_0830_200m_ang.asc,MDT_WN_Corredoria_Grado_point_340_0_01_0_01-01-2025_0830_ang.asc
MDT_WN_Corredoria_Grado_point_01-01-2025_0830_200m_ang.prj,MDT_WN_Corredoria_Grado_point_340_0_01_0_01-01-2025_0830_ang.prj
MDT_WN_Corredoria_Grado_point_01-01-2025_0830_200m_cld.asc,MDT_WN_Corredoria_Grado_point_340_0_01_0_01-01-2025_0830_cld.asc
MDT_WN_Corredoria_Grado_point_01-01-2025_0830_200m_cld.prj,MDT_WN_Corredoria_Grado_point_340_0_01_0_01-01-2025_0830_cld.prj
MDT_WN_Corredoria_Grado_point_01-01-2025_0830_200m_vel.asc,MDT_WN_Corredoria_Grado_point_340_0_01_0_01-01-2025_0830_vel.asc
MDT_WN_Corredoria_Grado_point_01-01-2025_0830_200m_vel.prj,MDT_WN_Corredoria_Grado_point_340_0_01_0_01-01-2025_0830_vel.prj
MDT_WN_Corredoria_Grado_point_01-01-2025_0845_200m_ang.asc,MDT_WN_Corredoria_Grado_point_350_0_01_0_01-01-2025_0845_ang.asc
MDT_WN_Corredoria_Grado_point_01-01-2025_0845_200m_ang.prj,MDT_WN_Corredoria_Grado_point_350_0_01_0_01-01-2025_0845_ang.prj
MDT_WN_Corredoria_Grado_point_01-01-2025_0845_200m_cld.asc,MDT_WN_Corredoria_Grado_point_350_0_01_0_01-01-2025_0845_cld.asc
MDT_WN_Corredoria_Grado_point_01-01-2025_0845_200m_cld.prj,MDT_WN_Corredoria_Grado_point_350_0_01_0_01-01-2025_0845_cld.prj
MDT_WN_Corredoria_Grado_point_01-01-2025_0845_200m_vel.asc,MDT_WN_Corredoria_Grado_point_350_0_01_0_01-01-2025_0845_vel.asc
MDT_WN_Corredoria_Grado_point_01-01-2025_0845_200m_vel.prj,MDT_WN_Corredoria_Grado_point_350_0_01_0_01-01-2025_0845_vel.prj
